3|2|1|09-Aug-23 00:00:00|10-Aug-23 00:00:00|Zlatiborska koliba renoviranje
5|1|1|22-Apr-23 00:00:00|24-Apr-23 00:00:00|proslo renoviranje
6|1|1|19-Apr-23 00:00:00|21-Apr-23 00:00:00|prethodno renoviranje
7|1|1|14-May-23 00:00:00|21-May-23 00:00:00|prethodno renoviranje
13|3|1|24-May-23 00:00:00|26-May-23 00:00:00|renoviranje klasicno
18|4|1|11-Oct-23 00:00:00|14-Oct-23 00:00:00|renoviranje novo
19|5|1|11-Sep-23 00:00:00|14-Sep-23 00:00:00|renoviranje novo
20|6|1|11-May-23 00:00:00|14-May-23 00:00:00|renoviranje novo
21|7|1|11-Jun-23 00:00:00|14-Jun-23 00:00:00|renoviranje novo
22|2|1|11-Oct-22 00:00:00|14-Oct-22 00:00:00|renoviranje novo
23|4|1|11-Apr-23 00:00:00|14-Apr-23 00:00:00|renoviranje novo
24|5|1|11-Apr-23 00:00:00|14-Apr-23 00:00:00|renoviranje novo
25|2|1|23-Jul-23 00:00:00|26-Jul-23 00:00:00|Renoviranje kupatila
