1|Beograd| Srbija
2|Zlatibor| Srbija
3|Skoplje| Makedonija
4|Beograd| Srbija
5|Beograd| Srbija
6|Beograd| Srbija
7|Novi Sad| Srbija
8|Novi Sad| Srbija
9|Sremski Karlovci| Srbija
10|Rim| Italija
11|Vranje| Srbija
12|Beograd| Srbija
13|Leskovac| Srbija
14|Kanjiza| Srbija
15|Maribor| Slovenija
16|Tuzla| Bosna i Hercegovina
17|Zlatibor| Srbija
18|Skoplje| Makedonija
19|Novi Sad| Srbija
20|Leskovac| Srbija
21|Kalitea| Grcka
22|Divcibare| Srbija
23|eg|ghj
24|dd|j
25|fjc|jyf
26|dfeef|trh
27|feff|hj
28|effe| rhd
29|gge|h
30|fd|jj
31|dsw|yj
32|eg|t
33|ed|hmj
34|dgg|jf
35|fes|gh
36|wef|j
37|fwesw|fh
38|fnhyj|tdeh
39|ru|ur
40|fh|h
41|sad|h
42|rt|y
43|df|h
44|er|h
45|gr|d
46|asd|ad
47|few|wfe
48|sfe|sfe
49|fes|sef
50|wd|de
51|wfe|fwe
52|kk|kk
53|ff|ff
54|f|f
55|h|h
